{"loss": [2.42575740814209, 1.7835612297058105, 0.8392963409423828, 0.42155954241752625, 0.2523205578327179, 0.17967775464057922, 0.14143285155296326, 0.11796631664037704, 0.10213318467140198, 0.08954567462205887, 0.07901716977357864, 0.06985820084810257, 0.061819035559892654, 0.054515279829502106, 0.048336345702409744, 0.042220402508974075], "accuracy": [0.28846174478530884, 0.48807311058044434, 0.7761356830596924, 0.8957092761993408, 0.9380284547805786, 0.9542251229286194, 0.9625019431114197, 0.9683524966239929, 0.9718292355537415, 0.9755370020866394, 0.978583037853241, 0.9816606044769287, 0.9837928414344788, 0.9859251379966736, 0.9877422451972961, 0.9896329045295715], "val_loss": [2.2228739261627197, 1.3291826248168945, 0.6919034719467163, 0.4516026973724365, 0.36402952671051025, 0.3249467611312866, 0.30319148302078247, 0.2944437861442566, 0.28528308868408203, 0.2812383472919464, 0.2807215452194214, 0.2834210693836212, 0.2821635603904724, 0.28392019867897034, 0.2881465256214142, 0.29160869121551514], "val_accuracy": [0.30637651681900024, 0.6622469425201416, 0.8152834177017212, 0.8787449598312378, 0.895546555519104, 0.9016194343566895, 0.9094129800796509, 0.9094129800796509, 0.9105263352394104, 0.9125506281852722, 0.9109311699867249, 0.9107287526130676, 0.9116396903991699, 0.9124494194984436, 0.9105263352394104, 0.9116396903991699]}