{"loss": [2.487407922744751, 1.9873390197753906, 1.257976770401001, 0.6578991413116455, 0.38541027903556824, 0.2632628381252289, 0.2038109451532364, 0.16852013766765594, 0.14511176943778992, 0.1278781294822693, 0.11386220157146454, 0.1028439924120903, 0.09319700300693512, 0.08501189202070236, 0.07758694142103195, 0.07126215100288391, 0.06521990150213242, 0.05961252748966217, 0.05453155189752579], "accuracy": [0.2918229103088379, 0.3869439661502838, 0.6860669255256653, 0.8423296809196472, 0.9173467755317688, 0.9418202638626099, 0.9505277872085571, 0.9568825364112854, 0.9615146517753601, 0.9658105969429016, 0.9697179794311523, 0.9723649024963379, 0.9752218723297119, 0.9778478145599365, 0.9795703887939453, 0.9820597767829895, 0.9838138818740845, 0.9853894114494324, 0.9868494272232056], "val_loss": [2.272623300552368, 1.7634857892990112, 0.995175302028656, 0.612444281578064, 0.45373666286468506, 0.38751351833343506, 0.348967581987381, 0.3265698552131653, 0.31215378642082214, 0.3026472330093384, 0.29693955183029175, 0.29281532764434814, 0.2918456196784973, 0.28948846459388733, 0.2918310761451721, 0.29308682680130005, 0.2951474189758301, 0.29913753271102905, 0.3089849352836609], "val_accuracy": [0.2947368323802948, 0.518825888633728, 0.755465567111969, 0.8501012325286865, 0.883704423904419, 0.8936234712600708, 0.8995951414108276, 0.9023279547691345, 0.9062753319740295, 0.9082996249198914, 0.9102226495742798, 0.9095141887664795, 0.9113360047340393, 0.9123481512069702, 0.9108299612998962, 0.910627543926239, 0.9104251265525818, 0.9102226495742798, 0.9080971479415894]}