{"loss": [2.581327438354492, 2.08060884475708, 1.575971245765686, 0.9775493741035461, 0.6376402378082275, 0.44396597146987915, 0.3234453499317169, 0.2532024085521698, 0.21105188131332397, 0.18400885164737701, 0.16356384754180908, 0.14823761582374573, 0.13512228429317474, 0.12401605397462845, 0.11470845341682434, 0.1061953455209732, 0.09895008057355881, 0.09216920286417007, 0.08606782555580139, 0.08022817969322205, 0.07526747137308121, 0.07066793739795685, 0.06613202393054962, 0.062053535133600235, 0.05816226452589035, 0.05454802140593529], "accuracy": [0.27941811084747314, 0.3467884957790375, 0.5898639559745789, 0.7728585600852966, 0.848243236541748, 0.8989654183387756, 0.9353605508804321, 0.9480279684066772, 0.9535003304481506, 0.9572081565856934, 0.9607688784599304, 0.9633842706680298, 0.9662622809410095, 0.9687096476554871, 0.9708313345909119, 0.973320722579956, 0.9751904010772705, 0.977133572101593, 0.9785515666007996, 0.9804316759109497, 0.9816501140594482, 0.9829105734825134, 0.9842340350151062, 0.9853159189224243, 0.9861456751823425, 0.9872905611991882], "val_loss": [2.3022305965423584, 1.979353904724121, 1.3349831104278564, 0.8958115577697754, 0.6723316311836243, 0.538654088973999, 0.4589995741844177, 0.4135531485080719, 0.3866029381752014, 0.3679761588573456, 0.3542307913303375, 0.34445059299468994, 0.3350067436695099, 0.32762372493743896, 0.32084670662879944, 0.3172316551208496, 0.3149552345275879, 0.3156128227710724, 0.313867449760437, 0.3139975368976593, 0.31340456008911133, 0.315033882856369, 0.3177976608276367, 0.3184513747692108, 0.3226434290409088, 0.3233652710914612], "val_accuracy": [0.26356273889541626, 0.42226719856262207, 0.6885627508163452, 0.7818825840950012, 0.8270242810249329, 0.8702428936958313, 0.8862348198890686, 0.892307698726654, 0.8966599106788635, 0.8980769515037537, 0.9008097052574158, 0.9024291634559631, 0.9032388925552368, 0.9060728549957275, 0.9053643941879272, 0.9069837927818298, 0.9064777493476868, 0.9060728549957275, 0.9068825840950012, 0.906680166721344, 0.9065789580345154, 0.9076923131942749, 0.9082996249198914, 0.9076923131942749, 0.9059716463088989, 0.9077935218811035]}