{"loss": [2.346182107925415, 1.5795904397964478, 0.623115599155426, 0.30974122881889343, 0.19838766753673553, 0.14934484660625458, 0.12150745093822479, 0.10247591137886047, 0.08853820711374283, 0.07671288400888443, 0.06706078350543976, 0.05803483724594116, 0.0497666597366333, 0.042665883898735046], "accuracy": [0.30328238010406494, 0.550128698348999, 0.8265427350997925, 0.9182605743408203, 0.948521614074707, 0.960128128528595, 0.966797947883606, 0.9713565707206726, 0.9747492074966431, 0.978583037853241, 0.9815030694007874, 0.9841604828834534, 0.9867969155311584, 0.9890236854553223], "val_loss": [2.1790919303894043, 1.0144554376602173, 0.5282906293869019, 0.38143301010131836, 0.3279500901699066, 0.309007465839386, 0.29889214038848877, 0.29157736897468567, 0.2899149954319, 0.2915481626987457, 0.290844589471817, 0.3040132522583008, 0.3060697317123413, 0.30655166506767273], "val_accuracy": [0.31032389402389526, 0.7149797677993774, 0.8453441262245178, 0.8885627388954163, 0.903441309928894, 0.9072874784469604, 0.9105263352394104, 0.9117408990859985, 0.9140688180923462, 0.9120445251464844, 0.912145733833313, 0.9062753319740295, 0.9088056683540344, 0.9103238582611084]}