{"loss": [2.3691518306732178, 1.9299943447113037, 1.0873222351074219, 0.5254734754562378, 0.2645702362060547, 0.15418654680252075, 0.10735621303319931, 0.08408112078905106, 0.06903234124183655, 0.059226907789707184, 0.0518898069858551, 0.046081528067588806, 0.040890906006097794, 0.03660958632826805, 0.03262536600232124, 0.02879466488957405, 0.02532787434756756, 0.02212672308087349, 0.01937044784426689, 0.016697367653250694], "accuracy": [0.26238229870796204, 0.49371588230133057, 0.7048293948173523, 0.8516646027565002, 0.930288553237915, 0.9621188044548035, 0.9730104207992554, 0.9781284928321838, 0.9819103479385376, 0.984053373336792, 0.986057698726654, 0.987709105014801, 0.9896126389503479, 0.9905580878257751, 0.9916926026344299, 0.993041455745697, 0.9939743280410767, 0.9950962662696838, 0.9960921406745911, 0.9967854619026184], "val_loss": [2.1253862380981445, 1.5439555644989014, 0.7143438458442688, 0.3881480097770691, 0.26184338331222534, 0.21253055334091187, 0.19673557579517365, 0.1826435774564743, 0.17388810217380524, 0.17067240178585052, 0.17148330807685852, 0.16637688875198364, 0.16690094769001007, 0.1673756092786789, 0.1656443327665329, 0.17536672949790955, 0.17192931473255157, 0.18754799664020538, 0.19119121134281158, 0.18559415638446808], "val_accuracy": [0.39449819922447205, 0.6146379113197327, 0.8034058809280396, 0.8904003500938416, 0.9265081286430359, 0.9374580383300781, 0.9391038417816162, 0.9437390565872192, 0.9464597702026367, 0.9472994804382324, 0.9462918043136597, 0.9483407139778137, 0.9472658634185791, 0.9486430287361145, 0.9490460753440857, 0.9455528855323792, 0.9472658634185791, 0.9421939849853516, 0.9426306486129761, 0.9448475241661072]}