{"loss": [2.425530433654785, 2.1563024520874023, 1.860440731048584, 1.1832319498062134, 0.8019068837165833, 0.5412498116493225, 0.3612682521343231, 0.2532298266887665, 0.18474476039409637, 0.14047561585903168, 0.11220145970582962, 0.09304320812225342, 0.08020235598087311, 0.07037845999002457, 0.06289725005626678, 0.057025518268346786, 0.052458371967077255, 0.04768999665975571, 0.04381406307220459, 0.04065583273768425, 0.037327494472265244, 0.03384992480278015, 0.031169451773166656, 0.028182992711663246], "accuracy": [0.22114790976047516, 0.30859607458114624, 0.5554981231689453, 0.6703140139579773, 0.7786251902580261, 0.8489669561386108, 0.9026687145233154, 0.9354948401451111, 0.9542148113250732, 0.9660645127296448, 0.9731491208076477, 0.9779646396636963, 0.9804732203483582, 0.9825406074523926, 0.9841415882110596, 0.9854778051376343, 0.9863728880882263, 0.9878981709480286, 0.9889696836471558, 0.9897260665893555, 0.9906337261199951, 0.9917808771133423, 0.9924363493919373, 0.9935709238052368], "val_loss": [2.200226306915283, 2.067335367202759, 1.493706226348877, 0.9394360184669495, 0.6600229144096375, 0.45569443702697754, 0.34400245547294617, 0.2774481773376465, 0.23889262974262238, 0.22646300494670868, 0.19932878017425537, 0.19671964645385742, 0.18832175433635712, 0.1878241002559662, 0.18900829553604126, 0.17641904950141907, 0.18045924603939056, 0.18879033625125885, 0.1707330346107483, 0.17325350642204285, 0.17992189526557922, 0.18578863143920898, 0.18898653984069824, 0.17953525483608246], "val_accuracy": [0.24670831859111786, 0.49492812156677246, 0.6196762323379517, 0.7268238663673401, 0.8098213076591492, 0.8710869550704956, 0.9011822938919067, 0.9200591444969177, 0.9301357269287109, 0.9308746457099915, 0.9415557980537415, 0.9382977485656738, 0.9407832622528076, 0.9404473900794983, 0.9402458667755127, 0.9446795582771301, 0.9420596361160278, 0.9406153559684753, 0.9460902810096741, 0.9462582468986511, 0.9434703588485718, 0.9418245553970337, 0.9407160878181458, 0.9451162219047546]}