{"loss": [2.328350782394409, 1.5610482692718506, 0.6714794635772705, 0.2985243797302246, 0.14848579466342926, 0.09679436683654785, 0.07425419241189957, 0.06084926426410675, 0.05156721547245979, 0.04466627910733223, 0.03867986053228378, 0.033538199961185455, 0.029496317729353905, 0.02486507222056389], "accuracy": [0.2984103858470917, 0.6110782027244568, 0.8131657838821411, 0.9178715944290161, 0.9648417234420776, 0.9763510823249817, 0.9809648394584656, 0.9838894605636597, 0.986259400844574, 0.9878981709480286, 0.9898773431777954, 0.9912135601043701, 0.9927136898040771, 0.9941633939743042], "val_loss": [2.002925395965576, 0.9605959057807922, 0.43954360485076904, 0.26583874225616455, 0.2148929387331009, 0.1872817426919937, 0.18506470322608948, 0.16988509893417358, 0.16476131975650787, 0.16742399334907532, 0.1722678393125534, 0.1649637371301651, 0.17008903622627258, 0.17637503147125244], "val_accuracy": [0.5019481182098389, 0.734985888004303, 0.8731358051300049, 0.9220744371414185, 0.9337632656097412, 0.9423619508743286, 0.9405145645141602, 0.9466612935066223, 0.9485422372817993, 0.9474674463272095, 0.9455528855323792, 0.9495162963867188, 0.9472658634185791, 0.9450826048851013]}