{"loss": [2.4017977714538574, 2.0938804149627686, 1.522657036781311, 0.8425835371017456, 0.504226803779602, 0.3076222240924835, 0.194393128156662, 0.13308551907539368, 0.10102330148220062, 0.08187132328748703, 0.07041709870100021, 0.062264591455459595, 0.055997543036937714, 0.050176337361335754, 0.045778267085552216, 0.041524797677993774, 0.03820466622710228, 0.034143656492233276, 0.030789684504270554, 0.027370605617761612], "accuracy": [0.22514402866363525, 0.37366849184036255, 0.6181628108024597, 0.7667754888534546, 0.857072651386261, 0.914442777633667, 0.9524626135826111, 0.9689260721206665, 0.9760358929634094, 0.9796790480613708, 0.9822632670402527, 0.9836499691009521, 0.9853518009185791, 0.9866501688957214, 0.9881881475448608, 0.9891083836555481, 0.9901042580604553, 0.9911631345748901, 0.9924237728118896, 0.9933692216873169], "val_loss": [2.1783909797668457, 1.9117188453674316, 1.0574265718460083, 0.635026752948761, 0.41086825728416443, 0.3004567623138428, 0.23519794642925262, 0.20761360228061676, 0.19369785487651825, 0.1794268637895584, 0.17906810343265533, 0.17976130545139313, 0.168123260140419, 0.16576869785785675, 0.16548699140548706, 0.16654352843761444, 0.17140159010887146, 0.17348431050777435, 0.17345170676708221, 0.17571091651916504], "val_accuracy": [0.23095525801181793, 0.5576716661453247, 0.6879282593727112, 0.8235254883766174, 0.8828765153884888, 0.9133414030075073, 0.9323189854621887, 0.9379282593727112, 0.9390031099319458, 0.9432688355445862, 0.9450154304504395, 0.9426978230476379, 0.9461238980293274, 0.9474674463272095, 0.9476689696311951, 0.9464597702026367, 0.9445452094078064, 0.9445452094078064, 0.944914698600769, 0.9446460008621216]}