{"loss": [2.5040831565856934, 2.1225814819335938, 1.7149418592453003, 1.0662074089050293, 0.6671060919761658, 0.4059778153896332, 0.2602205276489258, 0.1832817792892456, 0.13885323703289032, 0.11060377210378647, 0.09235318005084991, 0.07996080070734024, 0.07042039930820465, 0.06308833509683609, 0.0573410838842392, 0.05223904550075531, 0.04799920320510864, 0.0440698005259037, 0.040563758462667465, 0.03708912059664726, 0.03375744819641113, 0.030561722815036774, 0.02780606597661972], "accuracy": [0.22303880751132965, 0.33460235595703125, 0.5831305980682373, 0.7077287435531616, 0.829339325428009, 0.9057319760322571, 0.9398565292358398, 0.9597362875938416, 0.9690395593643188, 0.9748131036758423, 0.9787209630012512, 0.981002688407898, 0.9826036691665649, 0.9842172265052795, 0.9858812093734741, 0.9870031476020813, 0.9880116581916809, 0.9891083836555481, 0.9900916218757629, 0.9910749197006226, 0.9919951558113098, 0.9930540919303894, 0.9936843514442444], "val_loss": [2.2106130123138428, 1.980001449584961, 1.342232346534729, 0.8326908349990845, 0.5369983911514282, 0.36800530552864075, 0.29228654503822327, 0.2508396804332733, 0.22099079191684723, 0.215972900390625, 0.19004374742507935, 0.185393288731575, 0.17832331359386444, 0.18223826587200165, 0.1761098951101303, 0.17764849960803986, 0.17477768659591675, 0.16868136823177338, 0.17252226173877716, 0.172719806432724, 0.1729825884103775, 0.17283226549625397, 0.17447635531425476], "val_accuracy": [0.22853687405586243, 0.5023512244224548, 0.6598145961761475, 0.7718662023544312, 0.8673250079154968, 0.9050785899162292, 0.9217385649681091, 0.9297662377357483, 0.9370213747024536, 0.9333937764167786, 0.9431344866752625, 0.9433696269989014, 0.9448475241661072, 0.9419589042663574, 0.9445788264274597, 0.9430336952209473, 0.944746732711792, 0.947333037853241, 0.945922315120697, 0.945216953754425, 0.945922315120697, 0.9459559321403503, 0.945216953754425]}