{"loss": [2.3939614295959473, 2.074490785598755, 1.4577606916427612, 0.7894080281257629, 0.47853636741638184, 0.2928778827190399, 0.18707366287708282, 0.1310265064239502, 0.10059896856546402, 0.08297434449195862, 0.07103695720434189, 0.06214398890733719, 0.05532284826040268, 0.049339551478624344, 0.044602297246456146, 0.040015771985054016, 0.036177411675453186, 0.03238886967301369, 0.02891073375940323, 0.025678811594843864], "accuracy": [0.22772826254367828, 0.4089401960372925, 0.6318781971931458, 0.7800370454788208, 0.8655943274497986, 0.9289019107818604, 0.9588412642478943, 0.9712582230567932, 0.9764645099639893, 0.9801580905914307, 0.9826288819313049, 0.9842928647994995, 0.9857803583145142, 0.9872804880142212, 0.9885159134864807, 0.9897387027740479, 0.990885853767395, 0.9918313026428223, 0.993167519569397, 0.9939616918563843], "val_loss": [2.169978141784668, 1.873287558555603, 1.0030969381332397, 0.6039064526557922, 0.40300503373146057, 0.291375994682312, 0.23409251868724823, 0.20974306762218475, 0.19958345592021942, 0.1852000206708908, 0.18420948088169098, 0.17316032946109772, 0.17315392196178436, 0.17161206901073456, 0.16748392581939697, 0.17813201248645782, 0.183842271566391, 0.17420215904712677, 0.17508895695209503, 0.18345016241073608], "val_accuracy": [0.3195284307003021, 0.5590487718582153, 0.7084509134292603, 0.8266491889953613, 0.8955058455467224, 0.9260379076004028, 0.9363831877708435, 0.9388687610626221, 0.9358457326889038, 0.9427649974822998, 0.9426306486129761, 0.9468628168106079, 0.9459559321403503, 0.9456536173820496, 0.9480048418045044, 0.9434703588485718, 0.9419252872467041, 0.9460902810096741, 0.9458551406860352, 0.9437390565872192]}