{"loss": [2.5960800647735596, 2.1662135124206543, 1.9349550008773804, 1.4746493101119995, 1.0324888229370117, 0.7020729780197144, 0.4723314642906189, 0.3242008090019226, 0.23253417015075684, 0.17714513838291168, 0.14307403564453125, 0.12073202431201935, 0.10538619756698608, 0.09409605711698532, 0.08536646515130997, 0.07860809564590454, 0.07258022576570511, 0.06756199896335602, 0.06322436034679413, 0.059189654886722565, 0.05567661300301552, 0.05253617838025093, 0.04968421533703804, 0.04681190103292465, 0.04417863488197327, 0.041696831583976746, 0.03944224864244461, 0.03730751574039459, 0.035214200615882874, 0.033309224992990494], "accuracy": [0.23676680028438568, 0.28226202726364136, 0.5143519639968872, 0.6124018430709839, 0.7061530351638794, 0.8222295045852661, 0.8926973342895508, 0.9260781407356262, 0.9484034180641174, 0.9603539705276489, 0.9685478806495667, 0.9727457165718079, 0.9751787185668945, 0.9774855971336365, 0.9792630672454834, 0.9807001352310181, 0.9816203713417053, 0.9827297329902649, 0.9840911626815796, 0.9850996732711792, 0.9859694838523865, 0.9871544241905212, 0.9875200390815735, 0.9880746603012085, 0.9890327453613281, 0.9897764921188354, 0.9904193878173828, 0.9912009835243225, 0.9916548132896423, 0.9920960068702698], "val_loss": [2.2603487968444824, 2.075037717819214, 1.7191214561462402, 1.220407485961914, 0.8476777672767639, 0.586360514163971, 0.4283481240272522, 0.33371812105178833, 0.27736005187034607, 0.24770542979240417, 0.22726395726203918, 0.21534660458564758, 0.20913535356521606, 0.19838811457157135, 0.19628804922103882, 0.18868814408779144, 0.18378394842147827, 0.17869606614112854, 0.17838379740715027, 0.17576941847801208, 0.1738581508398056, 0.17318303883075714, 0.17370560765266418, 0.1734255701303482, 0.16920273005962372, 0.17003825306892395, 0.16908344626426697, 0.16971643269062042, 0.1697860211133957, 0.17021921277046204], "val_accuracy": [0.2279994636774063, 0.34740695357322693, 0.5829974412918091, 0.6603519916534424, 0.772235631942749, 0.8575171232223511, 0.8929867148399353, 0.9103856086730957, 0.9230149388313293, 0.9284562468528748, 0.9342334866523743, 0.9357113838195801, 0.9356442093849182, 0.9413878917694092, 0.9380962252616882, 0.9431344866752625, 0.9438062906265259, 0.945620059967041, 0.9452505707740784, 0.9459559321403503, 0.9473666548728943, 0.9464597702026367, 0.945452094078064, 0.9472323060035706, 0.9489453434944153, 0.9485086798667908, 0.9484750628471375, 0.9485086798667908, 0.9492475986480713, 0.9487437605857849]}