{"loss": [2.6857171058654785, 2.223881244659424, 2.0236737728118896, 1.7494463920593262, 1.4219110012054443, 1.126030683517456, 0.8898102045059204, 0.6984941363334656, 0.5412775278091431, 0.4200636148452759, 0.3336588740348816, 0.273538738489151, 0.23093685507774353, 0.19976799190044403, 0.1750493049621582, 0.15534135699272156, 0.1397254765033722, 0.12690632045269012, 0.11653952300548553, 0.10750861465930939, 0.1000509113073349, 0.09334437549114227, 0.08771608769893646, 0.08271241188049316, 0.07834597676992416, 0.074320487678051, 0.07078266888856888, 0.06745073944330215, 0.06439545750617981, 0.06155938655138016], "accuracy": [0.21749214828014374, 0.2494989037513733, 0.3621087372303009, 0.5940474271774292, 0.6669860482215881, 0.7125064730644226, 0.7898823618888855, 0.8553077578544617, 0.8985843658447266, 0.9224854111671448, 0.9362890124320984, 0.9454032182693481, 0.952639102935791, 0.9606187343597412, 0.9665813446044922, 0.9695311784744263, 0.9715733528137207, 0.974044144153595, 0.9758720397949219, 0.977699875831604, 0.9787588119506836, 0.9797924757003784, 0.9806623458862305, 0.9816203713417053, 0.9822632670402527, 0.9829566478729248, 0.9832969903945923, 0.983977735042572, 0.984658420085907, 0.9852257370948792], "val_loss": [2.3512446880340576, 2.119058132171631, 1.8956044912338257, 1.582095980644226, 1.2644692659378052, 1.0066436529159546, 0.8063697814941406, 0.646071195602417, 0.5229483842849731, 0.43608352541923523, 0.3780340850353241, 0.3351278305053711, 0.30567115545272827, 0.284864604473114, 0.26798903942108154, 0.25490254163742065, 0.24207523465156555, 0.2351863980293274, 0.22608257830142975, 0.22065868973731995, 0.21437443792819977, 0.21261568367481232, 0.208230122923851, 0.20412330329418182, 0.20260602235794067, 0.19800327718257904, 0.19739505648612976, 0.1955304592847824, 0.19402092695236206, 0.1906489133834839], "val_accuracy": [0.22826817631721497, 0.30498453974723816, 0.5166935324668884, 0.6413408517837524, 0.6780868172645569, 0.7450289130210876, 0.8133816719055176, 0.8614469766616821, 0.8889896273612976, 0.9015182256698608, 0.9102848172187805, 0.9149536490440369, 0.9194881319999695, 0.9272134900093079, 0.929027259349823, 0.9305387735366821, 0.9337968826293945, 0.9339312314987183, 0.9375587701797485, 0.9382977485656738, 0.9397084712982178, 0.9379282593727112, 0.9389023184776306, 0.9396748542785645, 0.9392718076705933, 0.941455066204071, 0.941287100315094, 0.9413542747497559, 0.9410520195960999, 0.9430673122406006]}