{"loss": [2.405086040496826, 0.9735461473464966, 0.35427361726760864, 0.2284957319498062, 0.18083977699279785, 0.1544053703546524, 0.1355256587266922, 0.12062320113182068, 0.10787928104400635, 0.09654087573289871, 0.08711936324834824, 0.07784855365753174, 0.06980442255735397, 0.06281163543462753, 0.05650903657078743], "accuracy": [0.27287134528160095, 0.7471250295639038, 0.9105250239372253, 0.9384113550186157, 0.9486345648765564, 0.9551939964294434, 0.9604229927062988, 0.9645709991455078, 0.9684890508651733, 0.9720060229301453, 0.9750632047653198, 0.9781057238578796, 0.9812020063400269, 0.9832760095596313, 0.9850956797599792], "val_loss": [1.7839601039886475, 0.5577152967453003, 0.3679000735282898, 0.31895801424980164, 0.3048644959926605, 0.2923116683959961, 0.288906455039978, 0.28725987672805786, 0.2863464653491974, 0.285715788602829, 0.29835614562034607, 0.2986367344856262, 0.3156089186668396, 0.31500375270843506, 0.3234541118144989], "val_accuracy": [0.5247922539710999, 0.8608692288398743, 0.8978090286254883, 0.9067955017089844, 0.9101355671882629, 0.9103344082832336, 0.9140721559524536, 0.9145492911338806, 0.9154638648033142, 0.91685551404953, 0.9159409999847412, 0.9170941114425659, 0.9157819151878357, 0.9156626462936401, 0.9161397814750671]}