{"loss": [2.641721487045288, 2.1309831142425537, 1.1015708446502686, 0.49368616938591003, 0.30814671516418457, 0.23512420058250427, 0.19628728926181793, 0.17176227271556854, 0.1535196751356125, 0.13921424746513367, 0.1269165575504303, 0.11713074892759323, 0.10743747651576996, 0.09869155287742615, 0.09114860743284225, 0.08450038731098175], "accuracy": [0.18860578536987305, 0.362747460603714, 0.7324358820915222, 0.8874567747116089, 0.9251896739006042, 0.9398837089538574, 0.9469861388206482, 0.9515889883041382, 0.9560500383377075, 0.9596550464630127, 0.9635339975357056, 0.9663906097412109, 0.9693841934204102, 0.9722457528114319, 0.9746376872062683, 0.9769513607025146], "val_loss": [2.428363800048828, 1.6666914224624634, 0.7444069385528564, 0.45973652601242065, 0.37469282746315, 0.34063708782196045, 0.32106533646583557, 0.30979123711586, 0.30112117528915405, 0.29443657398223877, 0.2887429893016815, 0.29163601994514465, 0.2914952337741852, 0.29463186860084534, 0.29108956456184387, 0.2968347668647766], "val_accuracy": [0.24915502965450287, 0.5727464556694031, 0.8143067359924316, 0.8817448019981384, 0.896019697189331, 0.9026601314544678, 0.9067955017089844, 0.908465564250946, 0.9108911156654358, 0.9120442271232605, 0.9147878885269165, 0.9139528274536133, 0.9143902063369751, 0.914628803730011, 0.9162591099739075, 0.9143902063369751]}