{"loss": [1.1765308380126953, 0.24028608202934265, 0.16179445385932922, 0.1310977190732956, 0.1100592389702797, 0.09272561967372894, 0.0788855031132698, 0.06633228808641434, 0.05647822842001915], "accuracy": [0.6580657958984375, 0.9318176507949829, 0.951138973236084, 0.9595865607261658, 0.9662096500396729, 0.9718837738037109, 0.9766431450843811, 0.9806835651397705, 0.984058678150177], "val_loss": [0.40969792008399963, 0.30754104256629944, 0.28235650062561035, 0.2787613272666931, 0.29160675406455994, 0.28718918561935425, 0.30393028259277344, 0.3212018609046936, 0.32941901683807373], "val_accuracy": [0.8858404159545898, 0.9094595909118652, 0.9163386225700378, 0.9162193536758423, 0.9160205125808716, 0.9175314903259277, 0.9160602688789368, 0.9159409999847412, 0.9159807562828064]}