{"loss": [1.7743325233459473, 0.37900620698928833, 0.20549525320529938, 0.1561209261417389, 0.1296537071466446, 0.11147718131542206, 0.09709641337394714, 0.08434990793466568, 0.07386963814496994, 0.06494136899709702, 0.057327333837747574], "accuracy": [0.4801674783229828, 0.8980419635772705, 0.9411163330078125, 0.9534575343132019, 0.9607018232345581, 0.9662145376205444, 0.9708173871040344, 0.9751316905021667, 0.9787905216217041, 0.9815542101860046, 0.9842494130134583], "val_loss": [0.6721638441085815, 0.35120102763175964, 0.3024388551712036, 0.2866140902042389, 0.2839604616165161, 0.2810109853744507, 0.29183194041252136, 0.29684513807296753, 0.31485962867736816, 0.31761765480041504, 0.33230558037757874], "val_accuracy": [0.8193963766098022, 0.9000357985496521, 0.9069147706031799, 0.9138335585594177, 0.9145890474319458, 0.916378378868103, 0.9142709374427795, 0.914628803730011, 0.9143504500389099, 0.9152252674102783, 0.9135552048683167]}