{"loss": [1.5045597553253174, 0.2815256118774414, 0.1769711673259735, 0.14048367738723755, 0.11659545451402664, 0.09875255078077316, 0.0828339159488678, 0.07037031650543213, 0.060068052262067795, 0.05092121660709381, 0.04300186038017273], "accuracy": [0.5728219747543335, 0.923316240310669, 0.9483312964439392, 0.9578696489334106, 0.9648596048355103, 0.9705386161804199, 0.9760366082191467, 0.9799155592918396, 0.9834227561950684, 0.9863919019699097, 0.9889208078384399], "val_loss": [0.4820951819419861, 0.31608888506889343, 0.2861924469470978, 0.27852922677993774, 0.29537346959114075, 0.2765049636363983, 0.28490737080574036, 0.2912812829017639, 0.30165019631385803, 0.3165794014930725, 0.33433347940444946], "val_accuracy": [0.86973637342453, 0.90572190284729, 0.9139528274536133, 0.9166169762611389, 0.9133166074752808, 0.9186050891876221, 0.9171736240386963, 0.9183267951011658, 0.9184063076972961, 0.9166169762611389, 0.9178893566131592]}