{"loss": [2.041516065597534, 0.5380139350891113, 0.2650653123855591, 0.19397614896297455, 0.16090066730976105, 0.14126254618167877, 0.12562204897403717, 0.11273469030857086, 0.1019277274608612, 0.09179344028234482, 0.08177071809768677], "accuracy": [0.3886087238788605, 0.849254310131073, 0.9275864958763123, 0.9445403814315796, 0.9531640410423279, 0.9585153460502625, 0.9631084203720093, 0.9669286608695984, 0.9703967571258545, 0.9736104607582092, 0.9769219756126404], "val_loss": [0.9601434469223022, 0.41885820031166077, 0.3329797387123108, 0.306156188249588, 0.29734688997268677, 0.28801822662353516, 0.2949228584766388, 0.2895333170890808, 0.29453831911087036, 0.2961282432079315, 0.3014668822288513], "val_accuracy": [0.720108151435852, 0.882381021976471, 0.9030577540397644, 0.9090222120285034, 0.9118453860282898, 0.9135552048683167, 0.9138335585594177, 0.9159409999847412, 0.9157421588897705, 0.9162988662719727, 0.9175314903259277]}