{"loss": [1.3250666856765747, 0.2361632138490677, 0.15340225398540497, 0.12120533734560013, 0.09846550226211548, 0.08138146996498108, 0.06702502816915512, 0.055407680571079254, 0.04590809717774391], "accuracy": [0.621159553527832, 0.9334024786949158, 0.953579843044281, 0.9627904891967773, 0.9701277017593384, 0.9756404161453247, 0.9805808067321777, 0.984420657157898, 0.9876685738563538], "val_loss": [0.41014188528060913, 0.308231383562088, 0.2846895754337311, 0.27614226937294006, 0.2809179425239563, 0.29486727714538574, 0.30432364344596863, 0.32716119289398193, 0.3251451849937439], "val_accuracy": [0.8844089508056641, 0.9081474542617798, 0.915145754814148, 0.9174519777297974, 0.9192015528678894, 0.917849600315094, 0.9180484414100647, 0.9170543551445007, 0.9182472229003906]}