{"loss": [1.955077052116394, 0.5628032684326172, 0.3004958927631378, 0.2331819087266922, 0.20116372406482697, 0.1805131882429123, 0.1648734211921692, 0.15192490816116333, 0.14081645011901855, 0.13143837451934814, 0.12272107601165771], "accuracy": [0.43817898631095886, 0.8456981778144836, 0.9149371385574341, 0.9279729127883911, 0.934586226940155, 0.9404902458190918, 0.9447507262229919, 0.949182391166687, 0.9532374143600464, 0.9564951658248901, 0.9595474600791931], "val_loss": [0.9628639817237854, 0.4645657241344452, 0.38245201110839844, 0.3596091568470001, 0.355124294757843, 0.3478887677192688, 0.35148921608924866, 0.3496397137641907, 0.3576450049877167, 0.37113121151924133, 0.3786563575267792], "val_accuracy": [0.7161716222763062, 0.8710883259773254, 0.8866356611251831, 0.8914469480514526, 0.8914469480514526, 0.8931567668914795, 0.894309937953949, 0.8949460983276367, 0.895065426826477, 0.8914071917533875, 0.8931567668914795]}