{"loss": [1.9694520235061646, 0.5294314026832581, 0.29861631989479065, 0.23593749105930328, 0.20517948269844055, 0.18506576120853424, 0.16960817575454712, 0.15614354610443115, 0.1450585275888443, 0.13544797897338867], "accuracy": [0.4526137709617615, 0.8660956621170044, 0.9154164791107178, 0.927498459815979, 0.9344443678855896, 0.9390717148780823, 0.9437479376792908, 0.9479546546936035, 0.95182865858078, 0.955423891544342], "val_loss": [0.9119141697883606, 0.4553532004356384, 0.3844009339809418, 0.3674590587615967, 0.3495716452598572, 0.35156404972076416, 0.35383909940719604, 0.365230530500412, 0.36132103204727173, 0.36952531337738037], "val_accuracy": [0.7677044868469238, 0.8745477199554443, 0.8861584663391113, 0.8879080414772034, 0.8928386569023132, 0.8925206065177917, 0.8934748768806458, 0.8916855454444885, 0.8912481665611267, 0.8906119465827942]}