{"loss": [1.5887339115142822, 0.333999902009964, 0.19452430307865143, 0.15095865726470947, 0.12611359357833862, 0.10726775974035263, 0.09205881506204605, 0.07964732497930527, 0.0676545575261116, 0.05934614688158035, 0.049885015934705734], "accuracy": [0.5295372009277344, 0.9090183973312378, 0.9441196918487549, 0.9545825719833374, 0.9613230228424072, 0.9671586155891418, 0.9721429944038391, 0.9762078523635864, 0.9805612564086914, 0.9831194877624512, 0.9862695932388306], "val_loss": [0.5640555620193481, 0.3424833416938782, 0.30845439434051514, 0.28660139441490173, 0.2826201617717743, 0.28008994460105896, 0.2919241786003113, 0.2982347309589386, 0.3072640895843506, 0.3233961760997772, 0.3422863781452179], "val_accuracy": [0.846673846244812, 0.9028192162513733, 0.9087836742401123, 0.9156626462936401, 0.9170145988464355, 0.9199570417404175, 0.9176905751228333, 0.9174917340278625, 0.9189231991767883, 0.9172531962394714, 0.9158217310905457]}