{"loss": [2.1686599254608154, 0.7186861038208008, 0.3489088714122772, 0.24684952199459076, 0.20145703852176666, 0.17477163672447205, 0.15626060962677002, 0.14088591933250427, 0.12827979028224945, 0.11687574535608292, 0.10661040246486664, 0.09858746081590652, 0.09096253663301468, 0.08362141251564026, 0.07755865901708603, 0.07186169177293777], "accuracy": [0.37572944164276123, 0.835519015789032, 0.9179160594940186, 0.935784637928009, 0.9443789720535278, 0.950278103351593, 0.9550374746322632, 0.9590974450111389, 0.9633921384811401, 0.9667036533355713, 0.9699222445487976, 0.9725342988967896, 0.975117027759552, 0.977264404296875, 0.9792894721031189, 0.981074869632721], "val_loss": [1.230153203010559, 0.5204600691795349, 0.39258283376693726, 0.3491903245449066, 0.3265977203845978, 0.3188720941543579, 0.3084658980369568, 0.30484920740127563, 0.3045700490474701, 0.3037671446800232, 0.30217480659484863, 0.30442535877227783, 0.3088521957397461, 0.31458693742752075, 0.3145248293876648, 0.32255908846855164], "val_accuracy": [0.7008230686187744, 0.870730459690094, 0.8906119465827942, 0.8989224433898926, 0.906715989112854, 0.9055230617523193, 0.9093800783157349, 0.9110501408576965, 0.9111296534538269, 0.9125611186027527, 0.915145754814148, 0.9132768511772156, 0.9130383133888245, 0.9126406908035278, 0.9137540459632874, 0.9129587411880493]}