{"loss": [1.946098804473877, 0.47932302951812744, 0.24550537765026093, 0.18439516425132751, 0.15397657454013824, 0.13365957140922546, 0.11757007241249084, 0.10433118045330048, 0.0927296057343483, 0.08281548321247101, 0.0743236169219017], "accuracy": [0.4465336501598358, 0.8833381533622742, 0.9351829886436462, 0.9482138752937317, 0.9555119872093201, 0.9609463810920715, 0.9656128883361816, 0.9699956178665161, 0.97340989112854, 0.9770687222480774, 0.9796367287635803], "val_loss": [0.8581207990646362, 0.3979964256286621, 0.32653602957725525, 0.3055057227611542, 0.29706183075904846, 0.29106876254081726, 0.2932354211807251, 0.29508358240127563, 0.29485663771629333, 0.30477890372276306, 0.31638777256011963], "val_accuracy": [0.7887390851974487, 0.8898167014122009, 0.905443549156189, 0.9113284945487976, 0.9122032523155212, 0.915105938911438, 0.9152252674102783, 0.9169748425483704, 0.916378378868103, 0.9160602688789368, 0.9152252674102783]}